,Epsilon_255,Accuracy,Confidence
0,0.0,0.981,0.8177617469578982
1,1.0,0.9792,0.8082365173459053
2,2.0,0.9768,0.7985267217963934
3,4.0,0.9697,0.7788985074326396
4,10.0,0.9532,0.7139322223186493
5,20.0,0.8964,0.5901985124453902
6,30.0,0.8016,0.4647977445907891
7,40.0,0.6513,0.36097692836821077
8,50.0,0.4528,0.2934345598749816
9,60.0,0.2664,0.2580354301251471
10,90.0,0.0333,0.223859397957474
